"Benchmark","Mode","Threads","Samples","Score","Score Error","Unit","Param: size","Param: sparsity"
"utils.BenchmarkRunner.loopUnrolledMultiply","avgt",1,5,"0,413336","0,269127","ms/op",128,0.0
"utils.BenchmarkRunner.loopUnrolledMultiply:gc.alloc.rate","avgt",1,5,"514,091995","270,737310","MB/sec",128,0.0
"utils.BenchmarkRunner.loopUnrolledMultiply:gc.alloc.rate.norm","avgt",1,5,"1549890,026347","1,054549","B/op",128,0.0
"utils.BenchmarkRunner.loopUnrolledMultiply:gc.count","avgt",1,5,"137,000000",NaN,"counts",128,0.0
"utils.BenchmarkRunner.loopUnrolledMultiply:gc.time","avgt",1,5,"112,000000",NaN,"ms",128,0.0
"utils.BenchmarkRunner.loopUnrolledMultiply","avgt",1,5,"0,220542","0,002753","ms/op",128,0.5
"utils.BenchmarkRunner.loopUnrolledMultiply:gc.alloc.rate","avgt",1,5,"515,772432","2,482733","MB/sec",128,0.5
"utils.BenchmarkRunner.loopUnrolledMultiply:gc.alloc.rate.norm","avgt",1,5,"856552,802440","35,881502","B/op",128,0.5
"utils.BenchmarkRunner.loopUnrolledMultiply:gc.count","avgt",1,5,"138,000000",NaN,"counts",128,0.5
"utils.BenchmarkRunner.loopUnrolledMultiply:gc.time","avgt",1,5,"205,000000",NaN,"ms",128,0.5
"utils.BenchmarkRunner.loopUnrolledMultiply","avgt",1,5,"0,220640","0,010433","ms/op",128,0.9
"utils.BenchmarkRunner.loopUnrolledMultiply:gc.alloc.rate","avgt",1,5,"322,210422","13,380970","MB/sec",128,0.9
"utils.BenchmarkRunner.loopUnrolledMultiply:gc.alloc.rate.norm","avgt",1,5,"390490,599490","90,798165","B/op",128,0.9
"utils.BenchmarkRunner.loopUnrolledMultiply:gc.count","avgt",1,5,"86,000000",NaN,"counts",128,0.9
"utils.BenchmarkRunner.loopUnrolledMultiply:gc.time","avgt",1,5,"122,000000",NaN,"ms",128,0.9
"utils.BenchmarkRunner.loopUnrolledMultiply","avgt",1,5,"1,656660","0,163885","ms/op",256,0.0
"utils.BenchmarkRunner.loopUnrolledMultiply:gc.alloc.rate","avgt",1,5,"792,952625","60,283304","MB/sec",256,0.0
"utils.BenchmarkRunner.loopUnrolledMultiply:gc.alloc.rate.norm","avgt",1,5,"6585765,517226","0,445941","B/op",256,0.0
"utils.BenchmarkRunner.loopUnrolledMultiply:gc.count","avgt",1,5,"178,000000",NaN,"counts",256,0.0
"utils.BenchmarkRunner.loopUnrolledMultiply:gc.time","avgt",1,5,"327,000000",NaN,"ms",256,0.0
"utils.BenchmarkRunner.loopUnrolledMultiply","avgt",1,5,"1,643292","0,008115","ms/op",256,0.5
"utils.BenchmarkRunner.loopUnrolledMultiply:gc.alloc.rate","avgt",1,5,"584,392484","4,011273","MB/sec",256,0.5
"utils.BenchmarkRunner.loopUnrolledMultiply:gc.alloc.rate.norm","avgt",1,5,"4398865,552486","407,816300","B/op",256,0.5
"utils.BenchmarkRunner.loopUnrolledMultiply:gc.count","avgt",1,5,"156,000000",NaN,"counts",256,0.5
"utils.BenchmarkRunner.loopUnrolledMultiply:gc.time","avgt",1,5,"274,000000",NaN,"ms",256,0.5
"utils.BenchmarkRunner.loopUnrolledMultiply","avgt",1,5,"1,809162","0,446972","ms/op",256,0.9
"utils.BenchmarkRunner.loopUnrolledMultiply:gc.alloc.rate","avgt",1,5,"287,066305","47,080453","MB/sec",256,0.9
"utils.BenchmarkRunner.loopUnrolledMultiply:gc.alloc.rate.norm","avgt",1,5,"1732892,646926","201,697038","B/op",256,0.9
"utils.BenchmarkRunner.loopUnrolledMultiply:gc.count","avgt",1,5,"77,000000",NaN,"counts",256,0.9
"utils.BenchmarkRunner.loopUnrolledMultiply:gc.time","avgt",1,5,"105,000000",NaN,"ms",256,0.9
"utils.BenchmarkRunner.loopUnrolledMultiply","avgt",1,5,"11,937786","0,166529","ms/op",512,0.0
"utils.BenchmarkRunner.loopUnrolledMultiply:gc.alloc.rate","avgt",1,5,"788,338772","12,633505","MB/sec",512,0.0
"utils.BenchmarkRunner.loopUnrolledMultiply:gc.alloc.rate.norm","avgt",1,5,"32015227,137974","2,401079","B/op",512,0.0
"utils.BenchmarkRunner.loopUnrolledMultiply:gc.count","avgt",1,5,"136,000000",NaN,"counts",512,0.0
"utils.BenchmarkRunner.loopUnrolledMultiply:gc.time","avgt",1,5,"448,000000",NaN,"ms",512,0.0
"utils.BenchmarkRunner.loopUnrolledMultiply","avgt",1,5,"12,051007","0,165056","ms/op",512,0.5
"utils.BenchmarkRunner.loopUnrolledMultiply:gc.alloc.rate","avgt",1,5,"459,598095","2,966358","MB/sec",512,0.5
"utils.BenchmarkRunner.loopUnrolledMultiply:gc.alloc.rate.norm","avgt",1,5,"17168681,972510","1662,399067","B/op",512,0.5
"utils.BenchmarkRunner.loopUnrolledMultiply:gc.count","avgt",1,5,"125,000000",NaN,"counts",512,0.5
"utils.BenchmarkRunner.loopUnrolledMultiply:gc.time","avgt",1,5,"372,000000",NaN,"ms",512,0.5
"utils.BenchmarkRunner.loopUnrolledMultiply","avgt",1,5,"12,117076","1,063495","ms/op",512,0.9
"utils.BenchmarkRunner.loopUnrolledMultiply:gc.alloc.rate","avgt",1,5,"232,744446","19,267525","MB/sec",512,0.9
"utils.BenchmarkRunner.loopUnrolledMultiply:gc.alloc.rate.norm","avgt",1,5,"6807982,533524","984,833609","B/op",512,0.9
"utils.BenchmarkRunner.loopUnrolledMultiply:gc.count","avgt",1,5,"63,000000",NaN,"counts",512,0.9
"utils.BenchmarkRunner.loopUnrolledMultiply:gc.time","avgt",1,5,"140,000000",NaN,"ms",512,0.9
"utils.BenchmarkRunner.loopUnrolledMultiply","avgt",1,5,"96,847863","20,663213","ms/op",1024,0.0
"utils.BenchmarkRunner.loopUnrolledMultiply:gc.alloc.rate","avgt",1,5,"429,709423","22,770248","MB/sec",1024,0.0
"utils.BenchmarkRunner.loopUnrolledMultiply:gc.alloc.rate.norm","avgt",1,5,"121351640,066003","9,733586","B/op",1024,0.0
"utils.BenchmarkRunner.loopUnrolledMultiply:gc.count","avgt",1,5,"337,000000",NaN,"counts",1024,0.0
"utils.BenchmarkRunner.loopUnrolledMultiply:gc.time","avgt",1,5,"9012,000000",NaN,"ms",1024,0.0
"utils.BenchmarkRunner.loopUnrolledMultiply","avgt",1,5,"89,048705","11,391335","ms/op",1024,0.5
"utils.BenchmarkRunner.loopUnrolledMultiply:gc.alloc.rate","avgt",1,5,"309,688051","30,151392","MB/sec",1024,0.5
"utils.BenchmarkRunner.loopUnrolledMultiply:gc.alloc.rate.norm","avgt",1,5,"65868439,178792","6118,071400","B/op",1024,0.5
"utils.BenchmarkRunner.loopUnrolledMultiply:gc.count","avgt",1,5,"360,000000",NaN,"counts",1024,0.5
"utils.BenchmarkRunner.loopUnrolledMultiply:gc.time","avgt",1,5,"4160,000000",NaN,"ms",1024,0.5
"utils.BenchmarkRunner.loopUnrolledMultiply","avgt",1,5,"83,214343","7,614707","ms/op",1024,0.9
"utils.BenchmarkRunner.loopUnrolledMultiply:gc.alloc.rate","avgt",1,5,"175,004475","15,176336","MB/sec",1024,0.9
"utils.BenchmarkRunner.loopUnrolledMultiply:gc.alloc.rate.norm","avgt",1,5,"26605968,588690","4861,738132","B/op",1024,0.9
"utils.BenchmarkRunner.loopUnrolledMultiply:gc.count","avgt",1,5,"50,000000",NaN,"counts",1024,0.9
"utils.BenchmarkRunner.loopUnrolledMultiply:gc.time","avgt",1,5,"169,000000",NaN,"ms",1024,0.9
"utils.BenchmarkRunner.naiveMultiply","avgt",1,5,"1,500083","0,075487","ms/op",128,0.0
"utils.BenchmarkRunner.naiveMultiply:gc.alloc.rate","avgt",1,5,"459,554955","18,426396","MB/sec",128,0.0
"utils.BenchmarkRunner.naiveMultiply:gc.alloc.rate.norm","avgt",1,5,"1481778,135742","0,084144","B/op",128,0.0
"utils.BenchmarkRunner.naiveMultiply:gc.count","avgt",1,5,"123,000000",NaN,"counts",128,0.0
"utils.BenchmarkRunner.naiveMultiply:gc.time","avgt",1,5,"183,000000",NaN,"ms",128,0.0
"utils.BenchmarkRunner.naiveMultiply","avgt",1,5,"1,423281","0,037409","ms/op",128,0.5
"utils.BenchmarkRunner.naiveMultiply:gc.alloc.rate","avgt",1,5,"269,962177","4,081471","MB/sec",128,0.5
"utils.BenchmarkRunner.naiveMultiply:gc.alloc.rate.norm","avgt",1,5,"788448,702128","43,697761","B/op",128,0.5
"utils.BenchmarkRunner.naiveMultiply:gc.count","avgt",1,5,"72,000000",NaN,"counts",128,0.5
"utils.BenchmarkRunner.naiveMultiply:gc.time","avgt",1,5,"114,000000",NaN,"ms",128,0.5
"utils.BenchmarkRunner.naiveMultiply","avgt",1,5,"1,434352","0,037799","ms/op",128,0.9
"utils.BenchmarkRunner.naiveMultiply:gc.alloc.rate","avgt",1,5,"130,468781","2,708901","MB/sec",128,0.9
"utils.BenchmarkRunner.naiveMultiply:gc.alloc.rate.norm","avgt",1,5,"322368,418457","32,388972","B/op",128,0.9
"utils.BenchmarkRunner.naiveMultiply:gc.count","avgt",1,5,"35,000000",NaN,"counts",128,0.9
"utils.BenchmarkRunner.naiveMultiply:gc.time","avgt",1,5,"58,000000",NaN,"ms",128,0.9
"utils.BenchmarkRunner.naiveMultiply","avgt",1,5,"19,970798","30,070303","ms/op",256,0.0
"utils.BenchmarkRunner.naiveMultiply:gc.alloc.rate","avgt",1,5,"231,469411","250,472349","MB/sec",256,0.0
"utils.BenchmarkRunner.naiveMultiply:gc.alloc.rate.norm","avgt",1,5,"6318490,899211","88,280674","B/op",256,0.0
"utils.BenchmarkRunner.naiveMultiply:gc.count","avgt",1,5,"62,000000",NaN,"counts",256,0.0
"utils.BenchmarkRunner.naiveMultiply:gc.time","avgt",1,5,"103,000000",NaN,"ms",256,0.0
"utils.BenchmarkRunner.naiveMultiply","avgt",1,5,"15,675020","3,767607","ms/op",256,0.5
"utils.BenchmarkRunner.naiveMultiply:gc.alloc.rate","avgt",1,5,"179,257305","38,655770","MB/sec",256,0.5
"utils.BenchmarkRunner.naiveMultiply:gc.alloc.rate.norm","avgt",1,5,"4131719,615811","287,683952","B/op",256,0.5
"utils.BenchmarkRunner.naiveMultiply:gc.count","avgt",1,5,"48,000000",NaN,"counts",256,0.5
"utils.BenchmarkRunner.naiveMultiply:gc.time","avgt",1,5,"73,000000",NaN,"ms",256,0.5
"utils.BenchmarkRunner.naiveMultiply","avgt",1,5,"14,706806","3,766351","ms/op",256,0.9
"utils.BenchmarkRunner.naiveMultiply:gc.alloc.rate","avgt",1,5,"74,957995","17,463784","MB/sec",256,0.9
"utils.BenchmarkRunner.naiveMultiply:gc.alloc.rate.norm","avgt",1,5,"1465583,472090","310,736920","B/op",256,0.9
"utils.BenchmarkRunner.naiveMultiply:gc.count","avgt",1,5,"20,000000",NaN,"counts",256,0.9
"utils.BenchmarkRunner.naiveMultiply:gc.time","avgt",1,5,"29,000000",NaN,"ms",256,0.9
"utils.BenchmarkRunner.naiveMultiply","avgt",1,5,"250,870858","120,479042","ms/op",512,0.0
"utils.BenchmarkRunner.naiveMultiply:gc.alloc.rate","avgt",1,5,"106,202777","45,908823","MB/sec",512,0.0
"utils.BenchmarkRunner.naiveMultiply:gc.alloc.rate.norm","avgt",1,5,"30956539,506397","151,703651","B/op",512,0.0
"utils.BenchmarkRunner.naiveMultiply:gc.count","avgt",1,5,"31,000000",NaN,"counts",512,0.0
"utils.BenchmarkRunner.naiveMultiply:gc.time","avgt",1,5,"138,000000",NaN,"ms",512,0.0
"utils.BenchmarkRunner.naiveMultiply","avgt",1,5,"245,456766","65,460443","ms/op",512,0.5
"utils.BenchmarkRunner.naiveMultiply:gc.alloc.rate","avgt",1,5,"57,112830","14,479232","MB/sec",512,0.5
"utils.BenchmarkRunner.naiveMultiply:gc.alloc.rate.norm","avgt",1,5,"16110581,521524","5536,406741","B/op",512,0.5
"utils.BenchmarkRunner.naiveMultiply:gc.count","avgt",1,5,"16,000000",NaN,"counts",512,0.5
"utils.BenchmarkRunner.naiveMultiply:gc.time","avgt",1,5,"38,000000",NaN,"ms",512,0.5
"utils.BenchmarkRunner.naiveMultiply","avgt",1,5,"257,498638","72,338801","ms/op",512,0.9
"utils.BenchmarkRunner.naiveMultiply:gc.alloc.rate","avgt",1,5,"20,051372","5,175554","MB/sec",512,0.9
"utils.BenchmarkRunner.naiveMultiply:gc.alloc.rate.norm","avgt",1,5,"5749533,318479","3963,859967","B/op",512,0.9
"utils.BenchmarkRunner.naiveMultiply:gc.count","avgt",1,5,"5,000000",NaN,"counts",512,0.9
"utils.BenchmarkRunner.naiveMultiply:gc.time","avgt",1,5,"7,000000",NaN,"ms",512,0.9
"utils.BenchmarkRunner.naiveMultiply","avgt",1,5,"1998,531736","236,836575","ms/op",1024,0.0
"utils.BenchmarkRunner.naiveMultiply:gc.alloc.rate","avgt",1,5,"51,711879","5,307479","MB/sec",1024,0.0
"utils.BenchmarkRunner.naiveMultiply:gc.alloc.rate.norm","avgt",1,5,"117137987,200000","26,139038","B/op",1024,0.0
"utils.BenchmarkRunner.naiveMultiply:gc.count","avgt",1,5,"56,000000",NaN,"counts",1024,0.0
"utils.BenchmarkRunner.naiveMultiply:gc.time","avgt",1,5,"1032,000000",NaN,"ms",1024,0.0
"utils.BenchmarkRunner.naiveMultiply","avgt",1,5,"1943,578360","48,105608","ms/op",1024,0.5
"utils.BenchmarkRunner.naiveMultiply:gc.alloc.rate","avgt",1,5,"28,546412","0,685420","MB/sec",1024,0.5
"utils.BenchmarkRunner.naiveMultiply:gc.alloc.rate.norm","avgt",1,5,"61654028,160000","8672,382307","B/op",1024,0.5
"utils.BenchmarkRunner.naiveMultiply:gc.count","avgt",1,5,"50,000000",NaN,"counts",1024,0.5
"utils.BenchmarkRunner.naiveMultiply:gc.time","avgt",1,5,"451,000000",NaN,"ms",1024,0.5
"utils.BenchmarkRunner.naiveMultiply","avgt",1,5,"1939,591495","116,341536","ms/op",1024,0.9
"utils.BenchmarkRunner.naiveMultiply:gc.alloc.rate","avgt",1,5,"10,670327","0,613177","MB/sec",1024,0.9
"utils.BenchmarkRunner.naiveMultiply:gc.alloc.rate.norm","avgt",1,5,"22394526,400000","14397,014456","B/op",1024,0.9
"utils.BenchmarkRunner.naiveMultiply:gc.count","avgt",1,5,"3,000000",NaN,"counts",1024,0.9
"utils.BenchmarkRunner.naiveMultiply:gc.time","avgt",1,5,"10,000000",NaN,"ms",1024,0.9
"utils.BenchmarkRunner.sparseMultiply","avgt",1,5,"2,807139","0,053338","ms/op",128,0.0
"utils.BenchmarkRunner.sparseMultiply:gc.alloc.rate","avgt",1,5,"513,196886","6,825693","MB/sec",128,0.0
"utils.BenchmarkRunner.sparseMultiply:gc.alloc.rate.norm","avgt",1,5,"2382587,058278","0,026855","B/op",128,0.0
"utils.BenchmarkRunner.sparseMultiply:gc.count","avgt",1,5,"137,000000",NaN,"counts",128,0.0
"utils.BenchmarkRunner.sparseMultiply:gc.time","avgt",1,5,"254,000000",NaN,"ms",128,0.0
"utils.BenchmarkRunner.sparseMultiply","avgt",1,5,"0,932010","0,011891","ms/op",128,0.5
"utils.BenchmarkRunner.sparseMultiply:gc.alloc.rate","avgt",1,5,"686,905933","11,708110","MB/sec",128,0.5
"utils.BenchmarkRunner.sparseMultiply:gc.alloc.rate.norm","avgt",1,5,"1689185,079020","50,358741","B/op",128,0.5
"utils.BenchmarkRunner.sparseMultiply:gc.count","avgt",1,5,"183,000000",NaN,"counts",128,0.5
"utils.BenchmarkRunner.sparseMultiply:gc.time","avgt",1,5,"338,000000",NaN,"ms",128,0.5
"utils.BenchmarkRunner.sparseMultiply","avgt",1,5,"0,272184","0,022702","ms/op",128,0.9
"utils.BenchmarkRunner.sparseMultiply:gc.alloc.rate","avgt",1,5,"581,391491","44,675855","MB/sec",128,0.9
"utils.BenchmarkRunner.sparseMultiply:gc.alloc.rate.norm","avgt",1,5,"768394,228907","115,093093","B/op",128,0.9
"utils.BenchmarkRunner.sparseMultiply:gc.count","avgt",1,5,"156,000000",NaN,"counts",128,0.9
"utils.BenchmarkRunner.sparseMultiply:gc.time","avgt",1,5,"246,000000",NaN,"ms",128,0.9
"utils.BenchmarkRunner.sparseMultiply","avgt",1,5,"23,085267","2,848826","ms/op",256,0.0
"utils.BenchmarkRunner.sparseMultiply:gc.alloc.rate","avgt",1,5,"321,262406","37,769913","MB/sec",256,0.0
"utils.BenchmarkRunner.sparseMultiply:gc.alloc.rate.norm","avgt",1,5,"10125340,755016","2,525823","B/op",256,0.0
"utils.BenchmarkRunner.sparseMultiply:gc.count","avgt",1,5,"85,000000",NaN,"counts",256,0.0
"utils.BenchmarkRunner.sparseMultiply:gc.time","avgt",1,5,"143,000000",NaN,"ms",256,0.0
"utils.BenchmarkRunner.sparseMultiply","avgt",1,5,"6,074429","0,092072","ms/op",256,0.5
"utils.BenchmarkRunner.sparseMultiply:gc.alloc.rate","avgt",1,5,"645,455577","10,672944","MB/sec",256,0.5
"utils.BenchmarkRunner.sparseMultiply:gc.alloc.rate.norm","avgt",1,5,"7938379,908079","398,479723","B/op",256,0.5
"utils.BenchmarkRunner.sparseMultiply:gc.count","avgt",1,5,"173,000000",NaN,"counts",256,0.5
"utils.BenchmarkRunner.sparseMultiply:gc.time","avgt",1,5,"363,000000",NaN,"ms",256,0.5
"utils.BenchmarkRunner.sparseMultiply","avgt",1,5,"1,199818","0,021520","ms/op",256,0.9
"utils.BenchmarkRunner.sparseMultiply:gc.alloc.rate","avgt",1,5,"822,853836","17,193601","MB/sec",256,0.9
"utils.BenchmarkRunner.sparseMultiply:gc.alloc.rate.norm","avgt",1,5,"4346257,714358","1049,836019","B/op",256,0.9
"utils.BenchmarkRunner.sparseMultiply:gc.count","avgt",1,5,"184,000000",NaN,"counts",256,0.9
"utils.BenchmarkRunner.sparseMultiply:gc.time","avgt",1,5,"367,000000",NaN,"ms",256,0.9
"utils.BenchmarkRunner.sparseMultiply","avgt",1,5,"160,079264","0,819581","ms/op",512,0.0
"utils.BenchmarkRunner.sparseMultiply:gc.alloc.rate","avgt",1,5,"250,011593","0,820876","MB/sec",512,0.0
"utils.BenchmarkRunner.sparseMultiply:gc.alloc.rate.norm","avgt",1,5,"49040680,118519","1,020480","B/op",512,0.0
"utils.BenchmarkRunner.sparseMultiply:gc.count","avgt",1,5,"71,000000",NaN,"counts",512,0.0
"utils.BenchmarkRunner.sparseMultiply:gc.time","avgt",1,5,"303,000000",NaN,"ms",512,0.0
"utils.BenchmarkRunner.sparseMultiply","avgt",1,5,"44,338691","0,615727","ms/op",512,0.5
"utils.BenchmarkRunner.sparseMultiply:gc.alloc.rate","avgt",1,5,"487,031021","5,600780","MB/sec",512,0.5
"utils.BenchmarkRunner.sparseMultiply:gc.alloc.rate.norm","avgt",1,5,"34193488,786183","1866,887211","B/op",512,0.5
"utils.BenchmarkRunner.sparseMultiply:gc.count","avgt",1,5,"92,000000",NaN,"counts",512,0.5
"utils.BenchmarkRunner.sparseMultiply:gc.time","avgt",1,5,"430,000000",NaN,"ms",512,0.5
"utils.BenchmarkRunner.sparseMultiply","avgt",1,5,"7,092240","0,093425","ms/op",512,0.9
"utils.BenchmarkRunner.sparseMultiply:gc.alloc.rate","avgt",1,5,"936,082619","11,565137","MB/sec",512,0.9
"utils.BenchmarkRunner.sparseMultiply:gc.alloc.rate.norm","avgt",1,5,"22037783,632888","3196,879275","B/op",512,0.9
"utils.BenchmarkRunner.sparseMultiply:gc.count","avgt",1,5,"171,000000",NaN,"counts",512,0.9
"utils.BenchmarkRunner.sparseMultiply:gc.time","avgt",1,5,"408,000000",NaN,"ms",512,0.9
"utils.BenchmarkRunner.sparseMultiply","avgt",1,5,"1368,495366","157,463729","ms/op",1024,0.0
"utils.BenchmarkRunner.sparseMultiply:gc.alloc.rate","avgt",1,5,"114,880623","13,625669","MB/sec",1024,0.0
"utils.BenchmarkRunner.sparseMultiply:gc.alloc.rate.norm","avgt",1,5,"186160920,457143","99,265620","B/op",1024,0.0
"utils.BenchmarkRunner.sparseMultiply:gc.count","avgt",1,5,"97,000000",NaN,"counts",1024,0.0
"utils.BenchmarkRunner.sparseMultiply:gc.time","avgt",1,5,"2694,000000",NaN,"ms",1024,0.0
"utils.BenchmarkRunner.sparseMultiply","avgt",1,5,"368,342241","12,125542","ms/op",1024,0.5
"utils.BenchmarkRunner.sparseMultiply:gc.alloc.rate","avgt",1,5,"253,507320","7,718023","MB/sec",1024,0.5
"utils.BenchmarkRunner.sparseMultiply:gc.alloc.rate.norm","avgt",1,5,"130677408,076190","18325,557923","B/op",1024,0.5
"utils.BenchmarkRunner.sparseMultiply:gc.count","avgt",1,5,"231,000000",NaN,"counts",1024,0.5
"utils.BenchmarkRunner.sparseMultiply:gc.time","avgt",1,5,"4846,000000",NaN,"ms",1024,0.5
"utils.BenchmarkRunner.sparseMultiply","avgt",1,5,"72,038813","4,970007","ms/op",1024,0.9
"utils.BenchmarkRunner.sparseMultiply:gc.alloc.rate","avgt",1,5,"567,969894","22,206012","MB/sec",1024,0.9
"utils.BenchmarkRunner.sparseMultiply:gc.alloc.rate.norm","avgt",1,5,"90556465,123048","9483,794624","B/op",1024,0.9
"utils.BenchmarkRunner.sparseMultiply:gc.count","avgt",1,5,"566,000000",NaN,"counts",1024,0.9
"utils.BenchmarkRunner.sparseMultiply:gc.time","avgt",1,5,"12852,000000",NaN,"ms",1024,0.9
"utils.BenchmarkRunner.strassenMultiply","avgt",1,5,"1,849839","0,025495","ms/op",128,0.0
"utils.BenchmarkRunner.strassenMultiply:gc.alloc.rate","avgt",1,5,"664,378809","9,103050","MB/sec",128,0.0
"utils.BenchmarkRunner.strassenMultiply:gc.alloc.rate.norm","avgt",1,5,"2393311,933257","21,007366","B/op",128,0.0
"utils.BenchmarkRunner.strassenMultiply:gc.count","avgt",1,5,"177,000000",NaN,"counts",128,0.0
"utils.BenchmarkRunner.strassenMultiply:gc.time","avgt",1,5,"315,000000",NaN,"ms",128,0.0
"utils.BenchmarkRunner.strassenMultiply","avgt",1,5,"1,863986","0,029227","ms/op",128,0.5
"utils.BenchmarkRunner.strassenMultiply:gc.alloc.rate","avgt",1,5,"491,270569","8,601682","MB/sec",128,0.5
"utils.BenchmarkRunner.strassenMultiply:gc.alloc.rate.norm","avgt",1,5,"1699979,550872","61,400880","B/op",128,0.5
"utils.BenchmarkRunner.strassenMultiply:gc.count","avgt",1,5,"131,000000",NaN,"counts",128,0.5
"utils.BenchmarkRunner.strassenMultiply:gc.time","avgt",1,5,"236,000000",NaN,"ms",128,0.5
"utils.BenchmarkRunner.strassenMultiply","avgt",1,5,"1,849831","0,021332","ms/op",128,0.9
"utils.BenchmarkRunner.strassenMultiply:gc.alloc.rate","avgt",1,5,"416,042296","3,021555","MB/sec",128,0.9
"utils.BenchmarkRunner.strassenMultiply:gc.alloc.rate.norm","avgt",1,5,"1233913,528725","64,690936","B/op",128,0.9
"utils.BenchmarkRunner.strassenMultiply:gc.count","avgt",1,5,"110,000000",NaN,"counts",128,0.9
"utils.BenchmarkRunner.strassenMultiply:gc.time","avgt",1,5,"203,000000",NaN,"ms",128,0.9
"utils.BenchmarkRunner.strassenMultiply","avgt",1,5,"13,466431","0,235471","ms/op",256,0.0
"utils.BenchmarkRunner.strassenMultiply:gc.alloc.rate","avgt",1,5,"684,155861","11,191955","MB/sec",256,0.0
"utils.BenchmarkRunner.strassenMultiply:gc.alloc.rate.norm","avgt",1,5,"14318422,527861","62,601768","B/op",256,0.0
"utils.BenchmarkRunner.strassenMultiply:gc.count","avgt",1,5,"153,000000",NaN,"counts",256,0.0
"utils.BenchmarkRunner.strassenMultiply:gc.time","avgt",1,5,"333,000000",NaN,"ms",256,0.0
"utils.BenchmarkRunner.strassenMultiply","avgt",1,5,"13,279807","0,194962","ms/op",256,0.5
"utils.BenchmarkRunner.strassenMultiply:gc.alloc.rate","avgt",1,5,"609,008890","7,920500","MB/sec",256,0.5
"utils.BenchmarkRunner.strassenMultiply:gc.alloc.rate.norm","avgt",1,5,"12131466,789068","370,284407","B/op",256,0.5
"utils.BenchmarkRunner.strassenMultiply:gc.count","avgt",1,5,"163,000000",NaN,"counts",256,0.5
"utils.BenchmarkRunner.strassenMultiply:gc.time","avgt",1,5,"335,000000",NaN,"ms",256,0.5
"utils.BenchmarkRunner.strassenMultiply","avgt",1,5,"13,299050","0,357492","ms/op",256,0.9
"utils.BenchmarkRunner.strassenMultiply:gc.alloc.rate","avgt",1,5,"525,589016","13,991760","MB/sec",256,0.9
"utils.BenchmarkRunner.strassenMultiply:gc.alloc.rate.norm","avgt",1,5,"9465550,059527","589,846815","B/op",256,0.9
"utils.BenchmarkRunner.strassenMultiply:gc.count","avgt",1,5,"141,000000",NaN,"counts",256,0.9
"utils.BenchmarkRunner.strassenMultiply:gc.time","avgt",1,5,"284,000000",NaN,"ms",256,0.9
"utils.BenchmarkRunner.strassenMultiply","avgt",1,5,"94,790363","1,013181","ms/op",512,0.0
"utils.BenchmarkRunner.strassenMultiply:gc.alloc.rate","avgt",1,5,"733,662600","7,680300","MB/sec",512,0.0
"utils.BenchmarkRunner.strassenMultiply:gc.alloc.rate.norm","avgt",1,5,"93339859,431325","0,813141","B/op",512,0.0
"utils.BenchmarkRunner.strassenMultiply:gc.count","avgt",1,5,"114,000000",NaN,"counts",512,0.0
"utils.BenchmarkRunner.strassenMultiply:gc.time","avgt",1,5,"396,000000",NaN,"ms",512,0.0
"utils.BenchmarkRunner.strassenMultiply","avgt",1,5,"95,300703","2,283420","ms/op",512,0.5
"utils.BenchmarkRunner.strassenMultiply:gc.alloc.rate","avgt",1,5,"631,830817","11,764834","MB/sec",512,0.5
"utils.BenchmarkRunner.strassenMultiply:gc.alloc.rate.norm","avgt",1,5,"78493013,641368","1626,570302","B/op",512,0.5
"utils.BenchmarkRunner.strassenMultiply:gc.count","avgt",1,5,"131,000000",NaN,"counts",512,0.5
"utils.BenchmarkRunner.strassenMultiply:gc.time","avgt",1,5,"402,000000",NaN,"ms",512,0.5
"utils.BenchmarkRunner.strassenMultiply","avgt",1,5,"96,998816","10,384212","ms/op",512,0.9
"utils.BenchmarkRunner.strassenMultiply:gc.alloc.rate","avgt",1,5,"576,946065","56,101218","MB/sec",512,0.9
"utils.BenchmarkRunner.strassenMultiply:gc.alloc.rate.norm","avgt",1,5,"68132943,919457","919,636066","B/op",512,0.9
"utils.BenchmarkRunner.strassenMultiply:gc.count","avgt",1,5,"132,000000",NaN,"counts",512,0.9
"utils.BenchmarkRunner.strassenMultiply:gc.time","avgt",1,5,"346,000000",NaN,"ms",512,0.9
"utils.BenchmarkRunner.strassenMultiply","avgt",1,5,"759,707380","11,254811","ms/op",1024,0.0
"utils.BenchmarkRunner.strassenMultiply:gc.alloc.rate","avgt",1,5,"617,159522","10,465725","MB/sec",1024,0.0
"utils.BenchmarkRunner.strassenMultiply:gc.alloc.rate.norm","avgt",1,5,"579171474,133333","8,591146","B/op",1024,0.0
"utils.BenchmarkRunner.strassenMultiply:gc.count","avgt",1,5,"297,000000",NaN,"counts",1024,0.0
"utils.BenchmarkRunner.strassenMultiply:gc.time","avgt",1,5,"3656,000000",NaN,"ms",1024,0.0
"utils.BenchmarkRunner.strassenMultiply","avgt",1,5,"730,543460","19,224556","ms/op",1024,0.5
"utils.BenchmarkRunner.strassenMultiply:gc.alloc.rate","avgt",1,5,"599,021397","11,605065","MB/sec",1024,0.5
"utils.BenchmarkRunner.strassenMultiply:gc.alloc.rate.norm","avgt",1,5,"523690866,830769","19301,483034","B/op",1024,0.5
"utils.BenchmarkRunner.strassenMultiply:gc.count","avgt",1,5,"442,000000",NaN,"counts",1024,0.5
"utils.BenchmarkRunner.strassenMultiply:gc.time","avgt",1,5,"2026,000000",NaN,"ms",1024,0.5
"utils.BenchmarkRunner.strassenMultiply","avgt",1,5,"692,377727","14,543268","ms/op",1024,0.9
"utils.BenchmarkRunner.strassenMultiply:gc.alloc.rate","avgt",1,5,"611,955300","13,229852","MB/sec",1024,0.9
"utils.BenchmarkRunner.strassenMultiply:gc.alloc.rate.norm","avgt",1,5,"484425409,600000","4592,748930","B/op",1024,0.9
"utils.BenchmarkRunner.strassenMultiply:gc.count","avgt",1,5,"172,000000",NaN,"counts",1024,0.9
"utils.BenchmarkRunner.strassenMultiply:gc.time","avgt",1,5,"1029,000000",NaN,"ms",1024,0.9
